{
    "format_version": "1.14.0", 
    "minecraft:biome": {
        "description": {
            "identifier": "dm23333_mesa_plateau_stone", 
            "inherits": "mesa_plateau_stone"
        }, 
        "components": {
            "minecraft:overworld_generation_rules": {
                "hills_transformation": "dm23333_mesa", 
                "mutate_transformation": "dm23333_mesa_plateau_stone_mutated", 
                "generate_for_climates": [
                    [
                        "medium", 
                        0
                    ]
                ]
            },
            "dm23333": {}
        }
    }
}