{
    "format_version": "1.14.0", 
    "minecraft:biome": {
        "description": {
            "identifier": "dm23333_frozen_ocean", 
            "inherits": "frozen_ocean"
        }, 
        "components": {
            "minecraft:frozen_ocean_surface": {
                "sea_floor_depth": 7,
                "sea_floor_material": "minecraft:emerald_block",
                "foundation_material": "minecraft:iron_block",
                "mid_material": "minecraft:gold_block",
                "top_material": "minecraft:diamond_block",
                "sea_material": "minecraft:water"
            },
            "minecraft:overworld_generation_rules": {
                "generate_for_climates": [
                    [
                        "medium", 
                        1
                    ], 
                    [
                        "warm", 
                        1
                    ], 
                    [
                        "lukewarm", 
                        1
                    ], 
                    [
                        "cold", 
                        1
                    ], 
                    [
                        "frozen", 
                        1
                    ]
                ]
            },
            "dm23333": {}
        }
    }
}