{
    "format_version": "1.14.0",
    "minecraft:biome": {
        "description": {
            "identifier": "dm23333_deep_cold_ocean", 
            "inherits": "deep_cold_ocean"
        },
        "components": {
            "minecraft:overworld_generation_rules": {
                "generate_for_climates": [
                    [
                        "medium", 
                        0
                    ]
                ]
            }, 
            "dm23333": {}
        }
    }
}