{
    "format_version": "1.14.0", 
    "minecraft:biome": {
        "description": {
            "identifier": "dm111_cold_taiga", 
            "inherits": "cold_taiga"
        }, 
        "components": {
            "minecraft:overworld_generation_rules": {
                "hills_transformation": "dm111_cold_taiga_hills", 
                "mutate_transformation": "dm111_cold_taiga_mutated", 
                "generate_for_climates": [
                    ["frozen", 1]
                ]
            },
            "dm111": {}
        }
    }
}