{
    "format_version": "1.14.0", 
    "minecraft:biome": {
        "description": {
            "identifier": "dm4_ice_plains", 
            "inherits": "ice_plains"
        }, 
        "components": {
            "minecraft:overworld_generation_rules": {
                "hills_transformation": "dm4_ice_plains", 
                "mutate_transformation": "dm4_ice_plains", 
                "generate_for_climates": [
                    [
                        "medium", 
                        1
                    ], 
                    [
                        "warm", 
                        1
                    ], 
                    [
                        "lukewarm", 
                        1
                    ], 
                    [
                        "cold", 
                        1
                    ], 
                    [
                        "frozen", 
                        1
                    ]
                ]
            },
            "dm4": {}
        }
    }
}