{
    "format_version": "1.14.0", 
    "minecraft:biome": {
        "description": {
            "identifier": "dm4_frozen_ocean", 
            "inherits": "frozen_ocean"
        }, 
        "components": {
            "minecraft:overworld_generation_rules": {
                "generate_for_climates": [
                    [
                        "medium", 
                        1
                    ], 
                    [
                        "warm", 
                        1
                    ], 
                    [
                        "lukewarm", 
                        1
                    ], 
                    [
                        "cold", 
                        1
                    ], 
                    [
                        "frozen", 
                        1
                    ]
                ]
            },
            "dm4": {}
        }
    }
}