{
    "format_version": "1.13.0",
    "minecraft:entity": {
        "component_groups": {
            "minecraft:defend_mode": {
                "minecraft:behavior.nearest_attackable_target": {
                    "entity_types": [
                        {
                            "filters": {
                                "subject": "other",
                                "test": "is_family",
                                "value": "monster"
                            },
                            "max_dist": 16
                        },
                        {
                            "filters": {
                                "subject": "other",
                                "test": "is_family",
                                "value": "undead"
                            },
                            "max_dist": 16
                        },
                        {
                            "filters": {
                                "subject": "other",
                                "test": "is_family",
                                "value": "illager"
                            },
                            "max_dist": 16
                        }
                    ],
                    "must_see": true,
                    "priority": 3
                },
                "minecraft:behavior.owner_hurt_by_target": {
                    "priority": 1
                },
                "minecraft:behavior.owner_hurt_target": {
                    "priority": 2
                },
                "minecraft:movement": {
                    "value": 0.0
                }
            },
            "minecraft:defender": {
                "minecraft:attack": {
                    "damage": 4
                },
                "minecraft:behavior.melee_attack": {
                    "priority": 1,
                    "speed_multiplier": 1.2,
                    "track_target": true
                },
                "minecraft:behavior.nearest_attackable_target": {
                    "entity_types": [
                        {
                            "filters": {
                                "subject": "other",
                                "test": "is_family",
                                "value": "monster"
                            },
                            "max_dist": 24
                        },
                        {
                            "filters": {
                                "subject": "other",
                                "test": "is_family",
                                "value": "white_cloth"
                            },
                            "max_dist": 24
                        },
                        {
                            "filters": {
                                "subject": "other",
                                "test": "is_family",
                                "value": "white_cloth"
                            },
                            "max_dist": 24
                        },
                        {
                            "filters": {
                                "all_of": [
                                    {
                                        "subject": "other",
                                        "test": "is_family",
                                        "value": "player"
                                    },
                                    {
                                        "operator": "!=",
                                        "subject": "other",
                                        "test": "is_family",
                                        "value": "mole"
                                    },
                                    {
                                        "operator": "!=",
                                        "subject": "other",
                                        "test": "is_family",
                                        "value": "mole_citizen"
                                    },
                                    {
                                        "operator": "!=",
                                        "subject": "other",
                                        "test": "has_tag",
                                        "value": "mole"
                                    }
                                ]
                            },
                            "max_dist": 24
                        }
                    ],
                    "must_see": true,
                    "priority": 3
                },
                "minecraft:behavior.owner_hurt_by_target": {
                    "priority": 1
                },
                "minecraft:behavior.owner_hurt_target": {
                    "priority": 2
                },
                "minecraft:behavior.random_stroll": {
                    "priority": 5,
                    "speed_multiplier": 1
                },
                "minecraft:equipment": {
                    "table": "loot_tables/iron_axe_gear.json"
                },
                "minecraft:movement": {
                    "value": 0.3
                },
                "minecraft:type_family": {
                    "family": [
                        "mob",
                        "villager",
                        "mole"
                    ]
                }
            },
            "minecraft:free_man": {
                "minecraft:interact": {
                    "interactions": [
                        {
                            "interact_text": "招降",
                            "on_interact": {
                                "event": "minecraft:non_free",
                                "filters": {
                                    "all_of": [
                                        {
                                            "subject": "other",
                                            "test": "is_family",
                                            "value": "player"
                                        }
                                    ]
                                }
                            }
                        }
                    ]
                }
            },
            "minecraft:has_owner": {
                "minecraft:is_tamed": {

                }
            },
            "minecraft:transform_to_citizen_0": {
                "minecraft:transformation": {
                    "delay": 0.5,
                    "into": "crwei:slave_peltast"
                }
            },
            "minecraft:transform_to_citizen_1": {
                "minecraft:transformation": {
                    "delay": 0.5,
                    "into": "crwei:slave_miner"
                }
            },
            "minecraft:transform_to_citizen_2": {
                "minecraft:transformation": {
                    "delay": 0.5,
                    "into": "crwei:slave_logger"
                }
            },
            "minecraft:untamed": {
                "minecraft:tameable": {
                    "probability": 1.0,
                    "tame_event": {
                        "event": "minecraft:on_rent",
                        "target": "self"
                    },
                    "tame_items": "mod:unknown"
                }
            },
            "skin0": {
                "minecraft:variant": {
                    "value": 0
                }
            },
            "skin1": {
                "minecraft:variant": {
                    "value": 1
                }
            },
            "skin2": {
                "minecraft:variant": {
                    "value": 2
                }
            },
            "skin3": {
                "minecraft:variant": {
                    "value": 3
                }
            }
        },
        "components": {
            "minecraft:behavior.float": {

            },
            "minecraft:behavior.look_at_player": {
                "look_distance": 8,
                "priority": 6
            },
            "minecraft:behavior.move_to_block": {
                "goal_radius": 1.0,
                "on_reach": [
                    {
                        "event": "minecraft:working",
                        "target": "self"
                    }
                ],
                "priority": 3,
                "search_height": 48,
                "search_range": 48,
                "start_chance": 0.4,
                "stay_duration": 20.0,
                "target_blocks": [
                    "crwei:treasury"
                ],
                "target_offset": [
                    0,
                    0.0,
                    -4
                ],
                "target_selection_method": "random",
                "tick_interval": 4
            },
            "minecraft:behavior.random_look_around": {
                "priority": 3
            },
            "minecraft:behavior.random_stroll": {
                "interval": 120,
                "priority": 2,
                "speed_multiplier": 1,
                "xz_dist": 4
            },
            "minecraft:breathable": {
                "breathes_water": true,
                "suffocate_time": 0,
                "total_supply": 15
            },
            "minecraft:can_climb": {

            },
            "minecraft:collision_box": {
                "height": 1.8,
                "width": 0.6
            },
            "minecraft:experience_reward": {
                "on_death": "query.last_hit_by_player ? 5 + (query.equipment_count * Math.Random(1,3)) : 0"
            },
            "minecraft:follow_range": {
                "max": 48,
                "value": 48
            },
            "minecraft:health": {
                "max": 20,
                "value": 20
            },
            "minecraft:jump.static": {

            },
            "minecraft:loot": {
                "table": "loot_tables/loot_slave.json"
            },
            "minecraft:movement": {
                "value": 0.3
            },
            "minecraft:movement.basic": {

            },
            "minecraft:nameable": {

            },
            "minecraft:navigation.walk": {
                "avoid_sun": false,
                "avoid_water": true,
                "is_amphibious": true
            },
            "minecraft:persistent": {

            },
            "minecraft:physics": {

            },
            "minecraft:pushable": {
                "is_pushable": true,
                "is_pushable_by_piston": true
            },
            "minecraft:tameable": {
                "probability": 1.0,
                "tame_event": {
                    "event": "minecraft:on_rent",
                    "target": "self"
                },
                "tame_items": "mod:unknown"
            },
            "minecraft:type_family": {
                "family": [
                    "mob",
                    "villager",
                    "mole_citizen"
                ]
            }
        },
        "description": {
            "identifier": "crwei:mole_citizen",
            "is_experimental": false,
            "is_spawnable": true,
            "is_summonable": true
        },
        "events": {
            "defend_mode": {
                "add": {
                    "component_groups": [
                        "minecraft:defend_mode"
                    ]
                },
                "remove": {
                    "component_groups": [
                        "minecraft:hide_mode",
                        "minecraft:guard_mode",
                        "minecraft:follow_mode"
                    ]
                }
            },
            "follow_mode": {
                "add": {
                    "component_groups": [
                        "minecraft:follow_mode"
                    ]
                },
                "remove": {
                    "component_groups": [
                        "minecraft:hide_mode",
                        "minecraft:guard_mode",
                        "minecraft:defend_mode"
                    ]
                }
            },
            "hide_mode": {
                "add": {
                    "component_groups": [
                        "minecraft:hide_mode"
                    ]
                },
                "remove": {
                    "component_groups": [
                        "minecraft:follow_mode",
                        "minecraft:guard_mode",
                        "minecraft:defend_mode"
                    ]
                }
            },
            "minecraft:arrive_at": {
                "remove": {
                    "component_groups": [
                        "minecraft:hide_mode"
                    ]
                }
            },
            "minecraft:entity_spawned": {
                "randomize": [
                    {
                        "add": {
                            "component_groups": [
                                "skin0",
                                "minecraft:free_man"
                            ]
                        },
                        "remove": {
                            "component_groups": [

                            ]
                        },
                        "weight": 5
                    },
                    {
                        "add": {
                            "component_groups": [
                                "skin1",
                                "minecraft:free_man"
                            ]
                        },
                        "remove": {
                            "component_groups": [

                            ]
                        },
                        "weight": 5
                    },
                    {
                        "add": {
                            "component_groups": [
                                "skin2",
                                "minecraft:free_man"
                            ]
                        },
                        "remove": {
                            "component_groups": [

                            ]
                        },
                        "weight": 5
                    },
                    {
                        "add": {
                            "component_groups": [
                                "skin3",
                                "minecraft:free_man"
                            ]
                        },
                        "remove": {
                            "component_groups": [

                            ]
                        },
                        "weight": 5
                    }
                ]
            },
            "minecraft:non_free": {
                "randomize": [
                    {
                        "add": {
                            "component_groups": [
                                "minecraft:transform_to_citizen_0"
                            ]
                        },
                        "remove": {
                            "component_groups": [
                                "minecraft:free_man"
                            ]
                        },
                        "weight": 20
                    },
                    {
                        "add": {
                            "component_groups": [
                                "minecraft:transform_to_citizen_1"
                            ]
                        },
                        "remove": {
                            "component_groups": [
                                "minecraft:free_man"
                            ]
                        },
                        "weight": 30
                    },
                    {
                        "add": {
                            "component_groups": [
                                "minecraft:transform_to_citizen_2"
                            ]
                        },
                        "remove": {
                            "component_groups": [
                                "minecraft:free_man"
                            ]
                        },
                        "weight": 30
                    },
                    {
                        "add": {
                            "component_groups": [
                                "minecraft:defender"
                            ]
                        },
                        "remove": {
                            "component_groups": [
                                "minecraft:free_man"
                            ]
                        },
                        "weight": 20
                    }
                ]
            },
            "minecraft:on_rent": {
                "add": {
                    "component_groups": [
                        "minecraft:has_owner"
                    ]
                },
                "remove": {
                    "component_groups": [
                        "minecraft:untamed"
                    ]
                }
            },
            "search_mode": {
                "add": {
                    "component_groups": [
                        "minecraft:guard_mode"
                    ]
                },
                "remove": {
                    "component_groups": [
                        "minecraft:hide_mode",
                        "minecraft:follow_mode",
                        "minecraft:defend_mode"
                    ]
                }
            }
        }
    }
}