{
  "format_version": "1.13.0",
  "minecraft:entity": {
    "component_groups": {
      "minecraft:defend_mode": {
        "minecraft:behavior.nearest_attackable_target": {
          "entity_types": [
            {
              "filters": {
                "subject": "other",
                "test": "is_family",
                "value": "monster"
              },
              "max_dist": 4
            },
            {
              "filters": {
                "any_of": [
                  {
                    "subject": "other",
                    "test": "is_family",
                    "value": "alago"
                  },
                  {
                    "subject": "other",
                    "test": "is_family",
                    "value": "broom"
                  },
                  {
                    "subject": "other",
                    "test": "has_tag",
                    "value": "castilla"
                  }
                ]
              },
              "max_dist": 8
            },
            {
              "filters": {
                "all_of": [
                  {
                    "subject": "other",
                    "test": "is_family",
                    "value": "player"
                  },
                  {
                    "operator": "!=",
                    "subject": "other",
                    "test": "is_family",
                    "value": "white_cloth"
                  },
                  {
                    "operator": "!=",
                    "subject": "other",
                    "test": "has_tag",
                    "value": "white_cloth"
                  }
                ]
              },
              "max_dist": 8
            },
            {
              "filters": {
                "all_of": [
                  {
                    "operator": "==",
                    "subject": "other",
                    "test": "is_family",
                    "value": "mole"
                  }
                ]
              },
              "max_dist": 4
            }
          ],
          "must_see": true,
          "priority": 3
        },
        "minecraft:behavior.owner_hurt_by_target": {
          "priority": 1
        },
        "minecraft:behavior.owner_hurt_target": {
          "priority": 2
        }
      },
      "minecraft:follow_mode": {
        "minecraft:behavior.follow_owner": {
          "priority": 3,
          "speed_multiplier": 1.0,
          "start_distance": 8,
          "stop_distance": 2
        },
        "minecraft:behavior.nearest_attackable_target": {
          "entity_types": [
            {
              "filters": {
                "subject": "other",
                "test": "is_family",
                "value": "monster"
              },
              "max_dist": 24
            },
            {
              "filters": {
                "any_of": [
                  {
                    "subject": "other",
                    "test": "is_family",
                    "value": "alago"
                  },
                  {
                    "subject": "other",
                    "test": "is_family",
                    "value": "broom"
                  },
                  {
                    "subject": "other",
                    "test": "has_tag",
                    "value": "castilla"
                  }
                ]
              },
              "max_dist": 24
            },
            {
              "filters": {
                "all_of": [
                  {
                    "subject": "other",
                    "test": "is_family",
                    "value": "player"
                  },
                  {
                    "operator": "!=",
                    "subject": "other",
                    "test": "is_family",
                    "value": "white_cloth"
                  },
                  {
                    "operator": "!=",
                    "subject": "other",
                    "test": "has_tag",
                    "value": "white_cloth"
                  }
                ]
              },
              "max_dist": 24
            },
            {
              "filters": {
                "all_of": [
                  {
                    "operator": "==",
                    "subject": "other",
                    "test": "is_family",
                    "value": "mole"
                  }
                ]
              },
              "max_dist": 16
            }
          ],
          "must_see": true,
          "priority": 4
        },
        "minecraft:behavior.owner_hurt_by_target": {
          "priority": 1
        },
        "minecraft:behavior.owner_hurt_target": {
          "priority": 2
        }
      },
      "minecraft:guard_mode": {
        "minecraft:behavior.nearest_attackable_target": {
          "entity_types": [
            {
              "filters": {
                "subject": "other",
                "test": "is_family",
                "value": "monster"
              },
              "max_dist": 32
            },
            {
              "filters": {
                "any_of": [
                  {
                    "subject": "other",
                    "test": "is_family",
                    "value": "alago"
                  },
                  {
                    "subject": "other",
                    "test": "is_family",
                    "value": "broom"
                  },
                  {
                    "subject": "other",
                    "test": "has_tag",
                    "value": "castilla"
                  }
                ]
              },
              "max_dist": 32
            },
            {
              "filters": {
                "all_of": [
                  {
                    "subject": "other",
                    "test": "is_family",
                    "value": "player"
                  },
                  {
                    "operator": "!=",
                    "subject": "other",
                    "test": "is_family",
                    "value": "white_cloth"
                  },
                  {
                    "operator": "!=",
                    "subject": "other",
                    "test": "has_tag",
                    "value": "white_cloth"
                  }
                ]
              },
              "max_dist": 32
            },
            {
              "filters": {
                "all_of": [
                  {
                    "operator": "==",
                    "subject": "other",
                    "test": "is_family",
                    "value": "mole"
                  }
                ]
              },
              "max_dist": 24
            }
          ],
          "must_see": true,
          "priority": 3
        },
        "minecraft:behavior.owner_hurt_by_target": {
          "priority": 1
        },
        "minecraft:behavior.owner_hurt_target": {
          "priority": 2
        },
        "minecraft:behavior.random_stroll": {
          "priority": 5,
          "speed_multiplier": 1
        }
      },
      "minecraft:has_owner": {
        "minecraft:is_tamed": {
        }
      },
      "minecraft:move_mode": {
        "minecraft:behavior.python_custom:move_to_pos": {
          "arg_dict": {
            "cooldown": 0,
            "reached_event": "minecraft:arrive_at"
          },
          "class_name": "MoveToPos",
          "control_flags": [
            "move"
          ],
          "module_path": "AWMCScripts.modServer.behaviorComponent.moveToPos",
          "priority": 1
        }
      },
      "minecraft:untamed": {
        "minecraft:tameable": {
          "probability": 1.0,
          "tame_event": {
            "event": "minecraft:on_rent",
            "target": "self"
          },
          "tame_items": "mod:unknown"
        }
      },
      "shield_blocked": {
        "minecraft:is_sheared": {
        }
      }
    },
    "components": {
      "minecraft:behavior.avoid_mob_type": {
        "max_dist": 8.0,
        "max_flee": 12.0
      },
      "minecraft:behavior.float": {
      },
      "minecraft:behavior.follow_target_captain": {
        "follow_distance": 5.0,
        "priority": 1,
        "within_radius": 64.0
      },
      "minecraft:behavior.go_home": {
        "goal_radius": 0.5,
        "interval": 120,
        "priority": 2,
        "speed_multiplier": 1.5
      },
      "minecraft:behavior.hurt_by_target": {
        "priority": 1
      },
      "minecraft:behavior.look_at_player": {
        "look_distance": 8,
        "priority": 6
      },
      "minecraft:behavior.move_to_block": {
        "goal_radius": 1.0,
        "on_reach": [
          {
            "event": "minecraft:working",
            "target": "self"
          }
        ],
        "priority": 3,
        "search_height": 128,
        "search_range": 128,
        "start_chance": 1.0,
        "stay_duration": 120.0,
        "target_blocks": [
          "crwei:flag_invade"
        ],
        "target_offset": [
          1,
          0.0,
          1
        ],
        "target_selection_method": "random",
        "tick_interval": 4
      },
      "minecraft:behavior.nearest_attackable_target": {
        "entity_types": [
          {
            "filters": {
              "subject": "other",
              "test": "is_family",
              "value": "monster"
            },
            "max_dist": 32
          },
          {
            "filters": {
              "any_of": [
                {
                  "subject": "other",
                  "test": "is_family",
                  "value": "alago"
                },
                {
                  "subject": "other",
                  "test": "is_family",
                  "value": "white_cloth"
                },
                {
                  "subject": "other",
                  "test": "is_family",
                  "value": "broom"
                },
                {
                  "subject": "other",
                  "test": "is_family",
                  "value": "castilla"
                }
              ]
            },
            "max_dist": 32
          },
          {
            "filters": {
              "all_of": [
                {
                  "subject": "other",
                  "test": "is_family",
                  "value": "player"
                },
                {
                  "operator": "!=",
                  "subject": "other",
                  "test": "is_family",
                  "value": "mole"
                },
                {
                  "operator": "!=",
                  "subject": "other",
                  "test": "has_tag",
                  "value": "mole"
                }
              ]
            },
            "max_dist": 32
          },
          {
            "filters": {
              "all_of": [
                {
                  "operator": "==",
                  "subject": "other",
                  "test": "is_family",
                  "value": "monster"
                }
              ]
            },
            "max_dist": 28
          }
        ],
        "must_see": true,
        "priority": 1
      },
      "minecraft:behavior.random_look_around": {
        "priority": 6
      },
      "minecraft:behavior.random_stroll": {
        "priority": 5,
        "speed_multiplier": 1
      },
      "minecraft:behavior.ranged_attack": {
        "attack_radius": 24.0,
        "burst_shots": 1,
        "charge_shoot_trigger": 2.0,
        "speed_multiplier": 0.8
      },
      "minecraft:breathable": {
        "breathes_water": true,
        "suffocate_time": 0,
        "total_supply": 15
      },
      "minecraft:can_climb": {
      },
      "minecraft:collision_box": {
        "height": 1.8,
        "width": 0.6
      },
      "minecraft:equipment": {
        "table": "loot_tables/bow_gear.json"
      },
      "minecraft:experience_reward": {
        "on_death": "query.last_hit_by_player ? 5 + (query.equipment_count * Math.Random(1,3)) : 0"
      },
      "minecraft:follow_range": {
        "max": 48,
        "value": 48
      },
      "minecraft:health": {
        "max": 18,
        "value": 18
      },
      "minecraft:jump.static": {
      },
      "minecraft:loot": {
        "table": "loot_tables/invade_loot.json"
      },
      "minecraft:movement": {
        "value": 0.3
      },
      "minecraft:movement.basic": {
      },
      "minecraft:nameable": {
      },
      "minecraft:navigation.walk": {
        "avoid_sun": false,
        "avoid_water": true,
        "is_amphibious": true
      },
      "minecraft:persistent": {
      },
      "minecraft:physics": {
      },
      "minecraft:pushable": {
        "is_pushable": true,
        "is_pushable_by_piston": true
      },
      "minecraft:shooter": {
        "def": "Arrow"
      },
      "minecraft:tameable": {
        "probability": 1.0,
        "tame_event": {
          "event": "minecraft:on_rent",
          "target": "self"
        },
        "tame_items": "mod:unknown"
      },
      "minecraft:type_family": {
        "family": [
          "mob",
          "mole",
          "swordman",
          "player",
          "pillager"
        ]
      }
    },
    "description": {
      "identifier": "crwei:invader_range",
      "is_experimental": false,
      "is_spawnable": true,
      "is_summonable": true
    },
    "events": {
      "minecraft:defend_mode": {
        "add": {
          "component_groups": [
            "minecraft:defend_mode"
          ]
        },
        "remove": {
          "component_groups": [
            "minecraft:move_mode",
            "minecraft:guard_mode",
            "minecraft:follow_mode"
          ]
        }
      },
      "minecraft:entity_spawned": {
        "add": {
          "component_groups": [
            "minecraft:untamed"
          ]
        }
      },
      "minecraft:follow_mode": {
        "add": {
          "component_groups": [
            "minecraft:follow_mode"
          ]
        },
        "remove": {
          "component_groups": [
            "minecraft:move_mode",
            "minecraft:guard_mode",
            "minecraft:defend_mode"
          ]
        }
      },
      "minecraft:guard_mode": {
        "add": {
          "component_groups": [
            "minecraft:guard_mode"
          ]
        },
        "remove": {
          "component_groups": [
            "minecraft:move_mode",
            "minecraft:follow_mode",
            "minecraft:defend_mode"
          ]
        }
      },
      "minecraft:move_mode": {
        "add": {
          "component_groups": [
            "minecraft:move_mode"
          ]
        },
        "remove": {
          "component_groups": [
            "minecraft:follow_mode",
            "minecraft:guard_mode",
            "minecraft:defend_mode"
          ]
        }
      },
      "minecraft:on_active_defend": {
        "add": {
          "component_groups": [
            "shield_blocked"
          ]
        },
        "remove": {
          "component_groups": [
            ""
          ]
        }
      },
      "minecraft:on_deactive_defend": {
        "add": {
          "component_groups": [
            ""
          ]
        },
        "remove": {
          "component_groups": [
            "shield_blocked"
          ]
        }
      },
      "minecraft:on_rent": {
        "add": {
          "component_groups": [
            "minecraft:has_owner"
          ]
        },
        "remove": {
          "component_groups": [
            "minecraft:untamed"
          ]
        }
      }
    }
  }
}