{
  "format_version": "1.12.0",
  "minecraft:entity": {
    "component_groups": {
      "minecraft:spawn_invaders": {
          "minecraft:explode": {
          "breaks_blocks": false,
          "causesFire": false,
          "causes_fire": false,
          "destroy_affected_by_griefing": false,
          "fire_affected_by_griefing": false,
          "fuse_length": 0.0,
          "fuse_lit": true,
          "power": 0.0
        }
      }
    },
    "components": {
        "minecraft:timer": {
          "time": 0,
          "time_down_event": {
            "event": "minecraft:spawn_invaders"
          }
        },
      "minecraft:persistent": {
      }
    },
    "description": {
      "identifier": "crwei:invade_team",
      "is_experimental": false
    },
    "events": {
      "minecraft:spawn_invaders": {
        "add": {
          "component_groups": [
            "minecraft:spawn_invaders"
          ]
        }
      }
    }
  }
}