{
    "format_version": "1.13.0",
    "minecraft:entity": {
        "component_groups": {

        },
        "components": {
            "minecraft:collision_box": {
                "height": 1.975,
                "width": 0.5
            },
            "minecraft:health": {
                "max": 6,
                "value": 6
            },
            "minecraft:hurt_on_condition": {
                "damage_conditions": [
                    {
                        "cause": "lava",
                        "damage_per_tick": 4,
                        "filters": {
                            "operator": "==",
                            "subject": "self",
                            "test": "in_lava",
                            "value": true
                        }
                    }
                ]
            },
            "minecraft:loot": {
                "table": "loot_tables/entities/armor_stand.json"
            },
            "minecraft:nameable": {

            },
            "minecraft:persistent": {

            },
            "minecraft:physics": {

            },
            "minecraft:pushable": {
                "is_pushable": false,
                "is_pushable_by_piston": true
            },
            "minecraft:type_family": {
                "family": [
                    "armor_stand",
                    "inanimate",
                    "mob"
                ]
            }
        },
        "description": {
            "identifier": "crwei:fire_place",
            "is_experimental": false,
            "is_spawnable": false,
            "is_summonable": true
        },
        "events": {

        }
    }
}