{
    "format_version": "1.12.0",
    "minecraft:entity": {
        "component_groups": {
            "minecraft:exploding": {
                "minecraft:explode": {
                    "breaks_blocks": false,
                    "causesFire": true,
                    "causes_fire": true,
                    "destroy_affected_by_griefing": false,
                    "fire_affected_by_griefing": true,
                    "fuse_length": 0,
                    "fuse_lit": true,
                    "power": 5.0
                }
            }
        },
        "components": {
            "minecraft:break_blocks": {
                "breakable_blocks": [
                    "sandstone",
                    "bamboo_sapling",
                    "beetroot",
                    "brown_mushroom",
                    "carrots",
                    "carved_pumpkin",
                    "chorus_flower",
                    "chorus_plant",
                    "deadbush",
                    "double_plant",
                    "leaves",
                    "leaves2",
                    "lit_pumpkin",
                    "melon_block",
                    "melon_stem",
                    "potatoes",
                    "pumpkin",
                    "pumpkin_stem",
                    "red_flower",
                    "red_mushroom",
                    "reeds",
                    "sapling",
                    "snow_layer",
                    "sweet_berry_bush",
                    "tallgrass",
                    "log",
                    "log2",
                    "log3",
                    "tallgrass",
                    "planks",
                    "planks2",
                    "planks3",
                    "brick",
                    "stone_brick",
                    "sandstone",
                    "stone_bricks",
                    "cobblestone",
                    "cobblestone_mossy",
                    "cracked_stone_bricks",
                    "wool",
                    "waterlily",
                    "red_sandstone",
                    "glass"
                ]
            },
            "minecraft:collision_box": {
                "height": 0.8,
                "width": 0.8
            },
            "minecraft:persistent": {

            },
            "minecraft:physics": {

            },
            "minecraft:projectile": {
                "anchor": 1,
                "catchFire": true,
                "catch_fire": true,
                "destroyOnHurt": false,
                "gravity": 0.08,
                "inertia": 1,
                "knockback": true,
                "liquid_inertia": 1,
                "multipletargets": true,
                "offset": [
                    0,
                    -0.1,
                    0
                ],
                "onFireTime": 5.0,
                "on_hit": {
                    "definition_event": {
                        "affect_projectile": true,
                        "event_trigger": {
                            "event": "minecraft:explode",
                            "target": "self"
                        },
                        "impact_damage": {
                            "damage": [
                                10,
                                20
                            ],
                            "destroy_on_hit": true,
                            "knockback": true,
                            "semi_random_diff_damage": false
                        }
                    }
                },
                "power": 1.6,
                "reflectOnHurt": true,
                "reflect_on_hurt": true,
                "shouldbounce": true,
                "uncertainty_base": 0,
                "uncertainty_multiplier": 0
            },
            "minecraft:pushable": {
                "is_pushable": true,
                "is_pushable_by_piston": true
            },
            "minecraft:scale": {
                "value": 1.2
            }
        },
        "description": {
            "identifier": "crwei:firestone",
            "is_experimental": false,
            "is_spawnable": false,
            "is_summonable": true,
            "runtime_identifier": "minecraft:snowball"
        },
        "events": {
            "minecraft:explode": {
                "add": {
                    "component_groups": [
                        "minecraft:exploding"
                    ]
                }
            }
        }
    }
}