{
  "format_version": "1.12.0",
  "minecraft:entity": {
    "component_groups": {
      "alive": {
        "minecraft:behavior.ranged_attack": {
          "attack_radius": 36.0,
          "burst_shots": 1,
          "charge_shoot_trigger": 1.13,
          "speed_multiplier": 1.0
        },
        "minecraft:damage_sensor": [
          {
            "deals_damage": false,
            "on_damage": {
              "event": "minecraft:death",
              "filters": {
                "all_of": [
                  {
                    "test": "has_damage",
                    "value": "fatal"
                  }
                ]
              }
            }
          }
        ],
        "minecraft:movement": {
          "value": 0.35
        }
      },
      "death": {
        "minecraft:damage_sensor": {
          "triggers": [
            {
              "deals_damage": false,
              "on_damage": {
                "filters": {
                  "operator": "!=",
                  "subject": "other",
                  "test": "is_owner",
                  "value": true
                }
              }
            },
            {
              "cause": "all",
              "deals_damage": false
            },
            {
              "cause": "block_explosion",
              "deals_damage": false
            }
          ]
        },
        "minecraft:explode": {
          "breaks_blocks": false,
          "causesFire": false,
          "causes_fire": false,
          "destroy_affected_by_griefing": false,
          "fire_affected_by_griefing": false,
          "fuse_length": 0.5,
          "fuse_lit": true,
          "power": 0.0
        },
        "minecraft:is_sheared": {
        },
        "minecraft:movement": {
          "value": 0.0
        }
      },
      "minecraft:alago": {
        "minecraft:behavior.nearest_attackable_target": {
          "entity_types": [
            {
              "filters": {
                "subject": "other",
                "test": "is_family",
                "value": "monster"
              },
              "max_dist": 24
            },
            {
              "filters": {
                "subject": "other",
                "test": "is_family",
                "value": "white_cloth"
              },
              "max_dist": 24
            },
            {
              "filters": {
                "subject": "other",
                "test": "is_family",
                "value": "mole"
              },
              "max_dist": 24
            },
            {
              "filters": {
                "all_of": [
                  {
                    "subject": "other",
                    "test": "is_family",
                    "value": "player"
                  },
                  {
                    "operator": "==",
                    "subject": "other",
                    "test": "has_tag",
                    "value": "white_cloth"
                  }
                ]
              },
              "max_dist": 24
            }
          ],
          "must_see": true,
          "priority": 3
        },
        "minecraft:type_family": {
          "family": [
            "stone_car",
            "alago",
            "mob"
          ]
        }
      },
      "minecraft:broom": {
        "minecraft:behavior.nearest_attackable_target": {
          "entity_types": [
            {
              "filters": {
                "subject": "other",
                "test": "is_family",
                "value": "monster"
              },
              "max_dist": 24
            },
            {
              "filters": {
                "subject": "other",
                "test": "is_family",
                "value": "white_cloth"
              },
              "max_dist": 24
            },
            {
              "filters": {
                "subject": "other",
                "test": "is_family",
                "value": "mole"
              },
              "max_dist": 24
            },
            {
              "filters": {
                "all_of": [
                  {
                    "subject": "other",
                    "test": "is_family",
                    "value": "player"
                  },
                  {
                    "operator": "==",
                    "subject": "other",
                    "test": "has_tag",
                    "value": "white_cloth"
                  }
                ]
              },
              "max_dist": 24
            }
          ],
          "must_see": true,
          "priority": 3
        },
        "minecraft:type_family": {
          "family": [
            "stone_car",
            "broom",
            "mob"
          ]
        }
      },
      "minecraft:castilla": {
        "minecraft:behavior.nearest_attackable_target": {
          "entity_types": [
            {
              "filters": {
                "subject": "other",
                "test": "is_family",
                "value": "monster"
              },
              "max_dist": 24
            },
            {
              "filters": {
                "subject": "other",
                "test": "is_family",
                "value": "white_cloth"
              },
              "max_dist": 24
            },
            {
              "filters": {
                "subject": "other",
                "test": "is_family",
                "value": "mole"
              },
              "max_dist": 24
            },
            {
              "filters": {
                "all_of": [
                  {
                    "subject": "other",
                    "test": "is_family",
                    "value": "player"
                  },
                  {
                    "operator": "==",
                    "subject": "other",
                    "test": "has_tag",
                    "value": "white_cloth"
                  }
                ]
              },
              "max_dist": 24
            }
          ],
          "must_see": true,
          "priority": 3
        },
        "minecraft:type_family": {
          "family": [
            "stone_car",
            "castilla",
            "mob"
          ]
        }
      },
      "minecraft:tame": {
        "minecraft:behavior.follow_owner": {
          "priority": 5,
          "speed_multiplier": 1.2,
          "start_distance": 10.0,
          "stop_distance": 4.0
        },
        "minecraft:behavior.hurt_by_target": {
          "alert_same_type": true,
          "hurt_owner": true,
          "priority": 4
        },
        "minecraft:behavior.owner_hurt_by_target": {
          "priority": 2
        },
        "minecraft:behavior.owner_hurt_target": {
          "priority": 1
        },
        "minecraft:is_tamed": {
        },
        "minecraft:sittable": {
        }
      },
      "minecraft:untamed": {
      },
      "minecraft:white_cloth": {
        "minecraft:behavior.nearest_attackable_target": {
          "entity_types": [
            {
              "filters": {
                "subject": "other",
                "test": "is_family",
                "value": "monster"
              },
              "max_dist": 24
            },
            {
              "filters": {
                "subject": "other",
                "test": "is_family",
                "value": "castilla"
              },
              "max_dist": 24
            },
            {
              "filters": {
                "subject": "other",
                "test": "is_family",
                "value": "broom"
              },
              "max_dist": 24
            },
            {
              "filters": {
                "subject": "other",
                "test": "is_family",
                "value": "alago"
              },
              "max_dist": 24
            },
            {
              "filters": {
                "subject": "other",
                "test": "is_family",
                "value": "mole"
              },
              "max_dist": 8
            },
            {
              "filters": {
                "all_of": [
                  {
                    "subject": "other",
                    "test": "is_family",
                    "value": "player"
                  },
                  {
                    "operator": "!=",
                    "subject": "other",
                    "test": "is_family",
                    "value": "white_cloth"
                  },
                  {
                    "operator": "!=",
                    "subject": "other",
                    "test": "has_tag",
                    "value": "white_cloth"
                  }
                ]
              },
              "max_dist": 24
            }
          ],
          "must_see": true,
          "priority": 3
        },
        "minecraft:type_family": {
          "family": [
            "stone_car",
            "white_cloth",
            "mob"
          ]
        }
      }
    },
    "components": {
      "minecraft:behavior.nearest_attackable_target": {
        "entity_types": [
          {
            "filters": {
              "any_of": [
                {
                  "subject": "other",
                  "test": "is_family",
                  "value": "undead"
                },
                {
                  "subject": "other",
                  "test": "is_family",
                  "value": "spider"
                },
                {
                  "subject": "other",
                  "test": "is_family",
                  "value": "monster"
                }
              ]
            },
            "max_dist": 35
          },
          {
            "filters": {
              "any_of": [
                {
                  "subject": "other",
                  "test": "is_family",
                  "value": "husk"
                },
                {
                  "subject": "other",
                  "test": "is_family",
                  "value": "skeleton"
                }
              ]
            },
            "max_dist": 35,
            "must_see": true
          },
          {
            "filters": {
              "all_of": [
                {
                  "subject": "other",
                  "test": "is_family",
                  "value": "zombie"
                },
                {
                  "operator": "!=",
                  "subject": "other",
                  "test": "in_water",
                  "value": true
                }
              ]
            },
            "max_dist": 35
          }
        ],
        "must_see": true,
        "priority": 2
      },
      "minecraft:follow_range": {
        "max": 48,
        "value": 48
      },
      "minecraft:break_blocks": {
        "breakable_blocks": [
          "bamboo",
          "bamboo_sapling",
          "beetroot",
          "brown_mushroom",
          "carrots",
          "carved_pumpkin",
          "chorus_flower",
          "chorus_plant",
          "deadbush",
          "double_plant",
          "leaves",
          "leaves2",
          "lit_pumpkin",
          "melon_block",
          "melon_stem",
          "potatoes",
          "pumpkin",
          "pumpkin_stem",
          "red_flower",
          "red_mushroom",
          "reeds",
          "sapling",
          "snow_layer",
          "sweet_berry_bush",
          "tallgrass",
          "tallgrass",
          "tallgrass",
          "turtle_egg",
          "vine",
          "waterlily",
          "wheat",
          "yellow_flower"
        ]
      },
      "minecraft:collision_box": {
        "height": 1.4,
        "width": 0.6
      },
      "minecraft:health": {
        "max": 20,
        "value": 20
      },
      "minecraft:jump.static": {
      },
      "minecraft:can_climb": {
      },
      "minecraft:knockback_resistance": {
        "value": 1.0
      },
      "minecraft:movement.basic": {
      },
      "minecraft:navigation.walk": {
        "avoid_sun": false,
        "avoid_water": true,
        "is_amphibious": true
      },
      "minecraft:persistent": {
      },
      "minecraft:physics": {
      },
      "minecraft:pushable": {
        "is_pushable": true,
        "is_pushable_by_piston": true
      },
      "minecraft:shooter": {
        "def": "rodqq:stone"
      },
      "minecraft:tameable": {
        "probability": 1.0,
        "tameItems": [
          "rd:unknowns"
        ],
        "tame_event": "minecraft:tame"
      },
      "minecraft:type_family": {
        "family": [
          "stone_car",
          "mob"
        ]
      }
    },
    "description": {
      "identifier": "crwei:stone_car",
      "is_experimental": false,
      "is_summonable": true
    },
    "events": {
      "minecraft:alago": {
        "add": {
          "component_groups": [
            "minecraft:alago"
          ]
        }
      },
      "minecraft:broom": {
        "add": {
          "component_groups": [
            "minecraft:broom"
          ]
        }
      },
      "minecraft:castilla": {
        "add": {
          "component_groups": [
            "minecraft:castilla"
          ]
        }
      },
      "minecraft:death": {
        "add": {
          "component_groups": [
            "death"
          ]
        },
        "remove": {
          "component_groups": [
            "alive"
          ]
        }
      },
      "minecraft:entity_spawned": {
        "add": {
          "component_groups": [
            "minecraft:untamed",
            "alive"
          ]
        }
      },
      "minecraft:tame": {
        "add": {
          "component_groups": [
            "minecraft:tame"
          ]
        },
        "remove": {
          "component_groups": [
            "minecraft:untamed"
          ]
        }
      },
      "minecraft:white_cloth": {
        "add": {
          "component_groups": [
            "minecraft:white_cloth"
          ]
        }
      }
    }
  }
}