{
    "format_version": "1.12.0",
    "minecraft:entity": {
        "component_groups": {
            "minecraft:exploding": {
                "minecraft:explode": {
                    "breaks_blocks": false,
                    "causesFire": false,
                    "causes_fire": false,
                    "destroy_affected_by_griefing": false,
                    "fire_affected_by_griefing": false,
                    "fuse_length": 0,
                    "fuse_lit": true,
                    "power": 4.0
                }
            }
        },
        "components": {
            "minecraft:collision_box": {
                "height": 0.6,
                "width": 0.6
            },
            "minecraft:persistent": {

            },
            "minecraft:physics": {

            },
            "minecraft:projectile": {
                "anchor": 1,
                "catch_fire": true,
                "destroyOnHurt": false,
                "gravity": 0.1,
                "inertia": 1,
                "knockback": true,
                "liquid_inertia": 1,
                "multipletargets": true,
                "offset": [
                    0,
                    -0.1,
                    0
                ],
                "on_hit": {
                    "definition_event": {
                        "affect_projectile": true,
                        "event_trigger": {
                            "event": "minecraft:explode",
                            "target": "self"
                        }
                    }
                },
                "power": 1.6,
                "reflectOnHurt": true,
                "reflect_on_hurt": true,
                "shouldbounce": true,
                "uncertainty_base": 0,
                "uncertainty_multiplier": 0
            },
            "minecraft:pushable": {
                "is_pushable": true,
                "is_pushable_by_piston": true
            }
        },
        "description": {
            "identifier": "rodqq:stone",
            "is_experimental": false,
            "is_spawnable": false,
            "is_summonable": true,
            "runtime_identifier": "minecraft:snowball"
        },
        "events": {
            "minecraft:explode": {
                "add": {
                    "component_groups": [
                        "minecraft:exploding"
                    ]
                }
            }
        }
    }
}