{
  "format_version": "1.13.0",
  "minecraft:entity": {
    "component_groups": {
      "skin0": {
        "minecraft:variant": {
          "value": 0
        }
      },
      "skin1": {
        "minecraft:variant": {
          "value": 1
        }
      },
      "minecraft:find_job": {
        "minecraft:behavior.avoid_mob_type": {
          "entity_types": [
            {
              "filters": {
                "any_of": [
                  {
                    "subject": "other",
                    "test": "is_family",
                    "value": "illager"
                  },
                  {
                    "subject": "other",
                    "test": "is_family",
                    "value": "mole"
                  },
                  {
                    "subject": "other",
                    "test": "is_family",
                    "value": "monster"
                  }
                ]
              },
              "max_dist": 8,
              "sprint_speed_multiplier": 1.8,
              "walk_speed_multiplier": 1.8
            }
          ],
          "priority": 3
        },
        "minecraft:behavior.look_at_player": {
          "look_distance": 8,
          "priority": 6
        },
        "minecraft:behavior.move_to_block": {
          "goal_radius": 1.0,
          "on_reach": [
            {
              "event": "minecraft:working",
              "target": "self"
            }
          ],
          "priority": 0,
          "search_height": 48,
          "search_range": 48,
          "start_chance": 1.0,
          "stay_duration": 5.0,
          "target_blocks": [
            "crwei:work_block_wood"
          ],
          "target_offset": [
            0,
            0.0,
            -1
          ],
          "target_selection_method": "random",
          "tick_interval": 1
        },
        "minecraft:behavior.move_to_random_block": {
          "block_distance": 4.0,
          "priority": 8,
          "within_radius": 2.0
        },
        "minecraft:behavior.move_to_village": {
          "goal_radius": 43.0,
          "priority": 7,
          "speed_multiplier": 1
        },
        "minecraft:behavior.random_look_around": {
          "priority": 6
        },
        "minecraft:behavior.random_stroll": {
          "interval": 120,
          "priority": 5,
          "xz_dist": 4
        },
        "minecraft:movement": {
          "value": 0.3
        }
      },
      "minecraft:free": {
        "minecraft:behavior.avoid_mob_type": {
          "entity_types": [
            {
              "filters": {
                "any_of": [
                  {
                    "subject": "other",
                    "test": "is_family",
                    "value": "illager"
                  },
                  {
                    "subject": "other",
                    "test": "is_family",
                    "value": "villager"
                  },
                  {
                    "subject": "other",
                    "test": "is_family",
                    "value": "monster"
                  }
                ]
              },
              "max_dist": 8,
              "sprint_speed_multiplier": 1.8,
              "walk_speed_multiplier": 1.8
            }
          ],
          "priority": 3
        },
        "minecraft:behavior.look_at_player": {
          "look_distance": 8,
          "priority": 6
        },
        "minecraft:behavior.move_to_random_block": {
          "block_distance": 4.0,
          "priority": 4,
          "within_radius": 2.0
        },
        "minecraft:behavior.move_to_village": {
          "goal_radius": 43.0,
          "priority": 3,
          "speed_multiplier": 1
        },
        "minecraft:behavior.random_look_around": {
          "priority": 6
        },
        "minecraft:behavior.random_stroll": {
          "priority": 5
        },
        "minecraft:movement": {
          "value": 0.3
        },
        "minecraft:timer": {
          "time": 20,
          "time_down_event": {
            "event": "minecraft:start_working"
          }
        }
      },
      "minecraft:reward_0": {
        "minecraft:type_family": {
          "family": [
            "villager",
            "mob",
            "minercutter",
            "reward0"
          ]
        }
      },
      "minecraft:reward_1": {
        "minecraft:interact": {
          "interactions": [
            {
              "cooldown": 1,
              "interact_text": "action.interact.take",
              "on_interact": {
                "event": "minecraft:downgrade_to_level_0",
                "filters": {
                  "all_of": [
                    {
                      "subject": "other",
                      "test": "is_family",
                      "value": "player"
                    }
                  ]
                },
                "target": "self"
              },
              "play_sounds": "node",
              "spawn_items": {
                "table": "loot_tables/wood_worker_loot.json"
              },
              "use_item": false
            }
          ]
        },
        "minecraft:type_family": {
          "family": [
            "villager",
            "mob",
            "minercutter",
            "reward1"
          ]
        }
      },
      "minecraft:reward_2": {
        "minecraft:interact": {
          "interactions": [
            {
              "cooldown": 1,
              "interact_text": "action.interact.take",
              "on_interact": {
                "event": "minecraft:downgrade_to_level_1",
                "filters": {
                  "all_of": [
                    {
                      "subject": "other",
                      "test": "is_family",
                      "value": "player"
                    }
                  ]
                },
                "target": "self"
              },
              "play_sounds": "node",
              "spawn_items": {
                "table": "loot_tables/wood_worker_loot.json"
              },
              "use_item": false
            }
          ]
        },
        "minecraft:type_family": {
          "family": [
            "villager",
            "mob",
            "minercutter",
            "reward2"
          ]
        }
      },
      "minecraft:reward_3": {
        "minecraft:interact": {
          "interactions": [
            {
              "cooldown": 1,
              "interact_text": "action.interact.take",
              "on_interact": {
                "event": "minecraft:downgrade_to_level_2",
                "filters": {
                  "all_of": [
                    {
                      "subject": "other",
                      "test": "is_family",
                      "value": "player"
                    }
                  ]
                },
                "target": "self"
              },
              "play_sounds": "node",
              "spawn_items": {
                "table": "loot_tables/wood_worker_loot.json"
              },
              "use_item": false
            }
          ]
        },
        "minecraft:type_family": {
          "family": [
            "villager",
            "mob",
            "minercutter",
            "reward3"
          ]
        }
      },
      "minecraft:reward_4": {
        "minecraft:interact": {
          "interactions": [
            {
              "cooldown": 1,
              "interact_text": "action.interact.take",
              "on_interact": {
                "event": "minecraft:downgrade_to_level_3",
                "filters": {
                  "all_of": [
                    {
                      "subject": "other",
                      "test": "is_family",
                      "value": "player"
                    }
                  ]
                },
                "target": "self"
              },
              "play_sounds": "node",
              "spawn_items": {
                "table": "loot_tables/wood_worker_loot.json"
              },
              "use_item": false
            }
          ]
        },
        "minecraft:type_family": {
          "family": [
            "villager",
            "mob",
            "minercutter",
            "reward4"
          ]
        }
      },
      "minecraft:reward_5": {
        "minecraft:interact": {
          "interactions": [
            {
              "cooldown": 1,
              "interact_text": "action.interact.take",
              "on_interact": {
                "event": "minecraft:downgrade_to_level_4",
                "filters": {
                  "all_of": [
                    {
                      "subject": "other",
                      "test": "is_family",
                      "value": "player"
                    }
                  ]
                },
                "target": "self"
              },
              "play_sounds": "node",
              "spawn_items": {
                "table": "loot_tables/wood_worker_loot.json"
              },
              "use_item": false
            }
          ]
        },
        "minecraft:type_family": {
          "family": [
            "villager",
            "mob",
            "minercutter",
            "reward5"
          ]
        }
      },
      "minecraft:work": {
        "minecraft:damage_sensor": {
          "triggers": [
            {
              "deals_damage": true,
              "on_damage": {
                "event": "minecraft:free",
                "filters": {
                  "operator": "!=",
                  "subject": "other",
                  "test": "is_family",
                  "value": "player"
                }
              }
            }
          ]
        },
        "minecraft:is_charged": {
        },
        "minecraft:movement": {
          "value": 0
        },
        "minecraft:timer": {
          "time": 60,
          "time_down_event": {
            "event": "minecraft:finish_working"
          }
        }
      }
    },
    "components": {
      "minecraft:annotation.open_door": {
      },
      "minecraft:behavior.float": {
      },
      "minecraft:behavior.move_to_land": {
      },
      "minecraft:behavior.random_swim": {
      },
      "minecraft:breathable": {
        "breathes_water": true,
        "suffocate_time": 0,
        "total_supply": 15
      },
      "minecraft:can_climb": {
      },
      "minecraft:collision_box": {
        "height": 1.8,
        "width": 0.72
      },
      "minecraft:equipment": {
        "table": "loot_tables/iron_axe_gear.json"
      },
      "minecraft:experience_reward": {
        "on_death": "query.last_hit_by_player ? 5 + (query.equipment_count * Math.Random(1,3)) : 0"
      },
      "minecraft:health": {
        "max": 20,
        "value": 20
      },
      "minecraft:jump.static": {
      },
      "minecraft:movement": {
        "value": 0.25
      },
      "minecraft:movement.basic": {
      },
      "minecraft:movement.generic": {
      },
      "minecraft:nameable": {
      },
      "minecraft:navigation.generic": {
      },
      "minecraft:navigation.walk": {
        "avoid_sun": true,
        "avoid_water": true,
        "is_amphibious": true
      },
      "minecraft:persistent": {
      },
      "minecraft:physics": {
      },
      "minecraft:pushable": {
        "is_pushable": true,
        "is_pushable_by_piston": true
      },
      "minecraft:type_family": {
        "family": [
          "player",
          "mob"
        ]
      }
    },
    "description": {
      "identifier": "zszwx:player_logger",
      "is_experimental": false,
      "is_spawnable": true,
      "is_summonable": true
    },
    "events": {
      "minecraft:down_grade": {
        "sequence": [
          {
            "add": {
              "component_groups": [
                "minecraft:reward_0"
              ]
            },
            "filters": {
              "subject": "self",
              "test": "is_family",
              "value": "reward1"
            },
            "remove": {
              "component_groups": [
                "minecraft:reward_1"
              ]
            }
          },
          {
            "add": {
              "component_groups": [
                "minecraft:reward_1"
              ]
            },
            "filters": {
              "subject": "self",
              "test": "is_family",
              "value": "reward2"
            },
            "remove": {
              "component_groups": [
                "minecraft:reward_2"
              ]
            }
          },
          {
            "add": {
              "component_groups": [
                "minecraft:reward_2"
              ]
            },
            "filters": {
              "subject": "self",
              "test": "is_family",
              "value": "reward3"
            },
            "remove": {
              "component_groups": [
                "minecraft:reward_3"
              ]
            }
          },
          {
            "add": {
              "component_groups": [
                "minecraft:reward_3"
              ]
            },
            "filters": {
              "subject": "self",
              "test": "is_family",
              "value": "reward4"
            },
            "remove": {
              "component_groups": [
                "minecraft:reward_4"
              ]
            }
          },
          {
            "add": {
              "component_groups": [
                "minecraft:reward_4"
              ]
            },
            "filters": {
              "subject": "self",
              "test": "is_family",
              "value": "reward5"
            },
            "remove": {
              "component_groups": [
                "minecraft:reward_5"
              ]
            }
          }
        ]
      },
      "minecraft:downgrade_to_level_0": {
        "add": {
          "component_groups": [
            "minecraft:reward_0"
          ]
        },
        "remove": {
          "component_groups": [
            "minecraft:reward_1"
          ]
        }
      },
      "minecraft:downgrade_to_level_1": {
        "add": {
          "component_groups": [
            "minecraft:reward_1"
          ]
        },
        "remove": {
          "component_groups": [
            "minecraft:reward_2"
          ]
        }
      },
      "minecraft:downgrade_to_level_2": {
        "add": {
          "component_groups": [
            "minecraft:reward_2"
          ]
        },
        "remove": {
          "component_groups": [
            "minecraft:reward_3"
          ]
        }
      },
      "minecraft:downgrade_to_level_3": {
        "add": {
          "component_groups": [
            "minecraft:reward_3"
          ]
        },
        "remove": {
          "component_groups": [
            "minecraft:reward_4"
          ]
        }
      },
      "minecraft:downgrade_to_level_4": {
        "add": {
          "component_groups": [
            "minecraft:reward_4"
          ]
        },
        "remove": {
          "component_groups": [
            "minecraft:reward_5"
          ]
        }
      },
      "minecraft:entity_spawned": {
        "randomize": [
          {
            "add": {
              "component_groups": [
                "skin0",
                "minecraft:find_job",
                "minecraft:reward_0"
              ]
            },
            "remove": {
              "component_groups": [
              ]
            },
            "weight": 5
          },
          {
            "add": {
              "component_groups": [
                "skin1",
                "minecraft:find_job",
                "minecraft:reward_0"
              ]
            },
            "remove": {
              "component_groups": [
              ]
            },
            "weight": 5
          }
        ]
      },
      "minecraft:finish_working": {
        "sequence": [
          {
            "add": {
              "component_groups": [
                "minecraft:reward_1",
                "minecraft:free"
              ]
            },
            "filters": {
              "subject": "self",
              "test": "is_family",
              "value": "reward0"
            },
            "remove": {
              "component_groups": [
                "minecraft:work"
              ]
            }
          },
          {
            "add": {
              "component_groups": [
                "minecraft:reward_2",
                "minecraft:free"
              ]
            },
            "filters": {
              "subject": "self",
              "test": "is_family",
              "value": "reward1"
            },
            "remove": {
              "component_groups": [
                "minecraft:work"
              ]
            }
          },
          {
            "add": {
              "component_groups": [
                "minecraft:reward_3",
                "minecraft:free"
              ]
            },
            "filters": {
              "subject": "self",
              "test": "is_family",
              "value": "reward2"
            },
            "remove": {
              "component_groups": [
                "minecraft:work"
              ]
            }
          },
          {
            "add": {
              "component_groups": [
                "minecraft:reward_4",
                "minecraft:free"
              ]
            },
            "filters": {
              "subject": "self",
              "test": "is_family",
              "value": "reward3"
            },
            "remove": {
              "component_groups": [
                "minecraft:work"
              ]
            }
          },
          {
            "add": {
              "component_groups": [
                "minecraft:reward_5",
                "minecraft:free"
              ]
            },
            "filters": {
              "subject": "self",
              "test": "is_family",
              "value": "reward4"
            },
            "remove": {
              "component_groups": [
                "minecraft:work"
              ]
            }
          },
          {
            "add": {
              "component_groups": [
                "minecraft:free"
              ]
            },
            "filters": {
              "subject": "self",
              "test": "is_family",
              "value": "reward5"
            },
            "remove": {
              "component_groups": [
                "minecraft:work"
              ]
            }
          }
        ]
      },
      "minecraft:free": {
        "add": {
          "component_groups": [
            "minecraft:free"
          ]
        },
        "remove": {
          "component_groups": [
            "minecraft:work"
          ]
        }
      },
      "minecraft:start_working": {
        "add": {
          "component_groups": [
            "minecraft:find_job"
          ]
        },
        "remove": {
          "component_groups": [
            "minecraft:free"
          ]
        }
      },
      "minecraft:working": {
        "add": {
          "component_groups": [
            "minecraft:work"
          ]
        },
        "remove": {
          "component_groups": [
            "minecraft:find_job"
          ]
        }
      }
    }
  }
}