{
    "format_version": "1.13.0",
    "minecraft:entity": {
        "component_groups": {
            "minecraft:defend_mode": {
                "minecraft:behavior.nearest_attackable_target": {
                    "entity_types": [
                        {
                            "filters": {
                                "subject": "other",
                                "test": "is_family",
                                "value": "monster"
                            },
                            "max_dist": 16
                        },
                        {
                            "filters": {
                                "subject": "other",
                                "test": "is_family",
                                "value": "undead"
                            },
                            "max_dist": 16
                        },
                        {
                            "filters": {
                                "subject": "other",
                                "test": "is_family",
                                "value": "illager"
                            },
                            "max_dist": 16
                        }
                    ],
                    "must_see": true,
                    "priority": 3
                },
                "minecraft:behavior.owner_hurt_by_target": {
                    "priority": 1
                },
                "minecraft:behavior.owner_hurt_target": {
                    "priority": 2
                },
                "minecraft:movement": {
                    "value": 0.0
                }
            },
            "minecraft:follow_mode": {
                "minecraft:behavior.follow_owner": {
                    "priority": 3,
                    "speed_multiplier": 2.0,
                    "start_distance": 10,
                    "stop_distance": 2
                },
                "minecraft:behavior.nearest_attackable_target": {
                    "entity_types": [
                        {
                            "filters": {
                                "subject": "other",
                                "test": "is_family",
                                "value": "monster"
                            },
                            "max_dist": 8
                        },
                        {
                            "filters": {
                                "subject": "other",
                                "test": "is_family",
                                "value": "undead"
                            },
                            "max_dist": 8
                        },
                        {
                            "filters": {
                                "subject": "other",
                                "test": "is_family",
                                "value": "illager"
                            },
                            "max_dist": 8
                        }
                    ],
                    "must_see": true,
                    "priority": 4
                },
                "minecraft:behavior.owner_hurt_by_target": {
                    "priority": 1
                },
                "minecraft:behavior.owner_hurt_target": {
                    "priority": 2
                },
                "minecraft:movement": {
                    "value": 0.3
                }
            },
            "minecraft:guard_mode": {
                "minecraft:behavior.nearest_attackable_target": {
                    "entity_types": [
                        {
                            "filters": {
                                "subject": "other",
                                "test": "is_family",
                                "value": "monster"
                            },
                            "max_dist": 16
                        },
                        {
                            "filters": {
                                "subject": "other",
                                "test": "is_family",
                                "value": "illager"
                            },
                            "max_dist": 16
                        },
                        {
                            "filters": {
                                "subject": "other",
                                "test": "is_family",
                                "value": "undead"
                            },
                            "max_dist": 16
                        }
                    ],
                    "must_see": true,
                    "priority": 3
                },
                "minecraft:behavior.owner_hurt_by_target": {
                    "priority": 1
                },
                "minecraft:behavior.owner_hurt_target": {
                    "priority": 2
                },
                "minecraft:behavior.random_stroll": {
                    "priority": 5,
                    "speed_multiplier": 1
                },
                "minecraft:movement": {
                    "value": 0.3
                }
            },
            "minecraft:has_owner": {
                "minecraft:is_tamed": {

                }
            },
            "minecraft:hide_mode": {
                "minecraft:movement": {
                    "value": 0.0
                }
            },
            "minecraft:untamed": {
                "minecraft:tameable": {
                    "probability": 1.0,
                    "tame_event": {
                        "event": "minecraft:on_rent",
                        "target": "self"
                    },
                    "tame_items": "mod:unknown"
                }
            }
        },
        "components": {
            "minecraft:behavior.float": {

            },
            "minecraft:behavior.look_at_player": {
                "look_distance": 8,
                "priority": 6
            },
            "minecraft:behavior.move_to_block": {
                "goal_radius": 1.0,
                "on_reach": [
                    {
                        "event": "minecraft:working",
                        "target": "self"
                    }
                ],
                "priority": 3,
                "search_height": 48,
                "search_range": 48,
                "start_chance": 0.4,
                "stay_duration": 20.0,
                "target_blocks": [
                    "crwei:treasury"
                ],
                "target_offset": [
                    0,
                    0.0,
                    -4
                ],
                "target_selection_method": "random",
                "tick_interval": 4
            },
            "minecraft:behavior.random_look_around": {
                "priority": 3
            },
            "minecraft:behavior.random_stroll": {
                "interval": 120,
                "priority": 2,
                "speed_multiplier": 1,
                "xz_dist": 4
            },
            "minecraft:breathable": {
                "breathes_water": true,
                "suffocate_time": 0,
                "total_supply": 15
            },
            "minecraft:can_climb": {

            },
            "minecraft:collision_box": {
                "height": 1.8,
                "width": 0.6
            },
            "minecraft:experience_reward": {
                "on_death": "query.last_hit_by_player ? 5 + (query.equipment_count * Math.Random(1,3)) : 0"
            },
            "minecraft:follow_range": {
                "max": 48,
                "value": 48
            },
            "minecraft:health": {
                "max": 20,
                "value": 20
            },
            "minecraft:jump.static": {

            },
            "minecraft:movement": {
                "value": 0.3
            },
            "minecraft:movement.basic": {

            },
            "minecraft:nameable": {

            },
            "minecraft:navigation.walk": {
                "avoid_sun": false,
                "avoid_water": true,
                "is_amphibious": true
            },
            "minecraft:persistent": {

            },
            "minecraft:physics": {

            },
            "minecraft:pushable": {
                "is_pushable": true,
                "is_pushable_by_piston": true
            },
            "minecraft:tameable": {
                "probability": 1.0,
                "tame_event": {
                    "event": "minecraft:on_rent",
                    "target": "self"
                },
                "tame_items": "mod:unknown"
            },
            "minecraft:type_family": {
                "family": [
                    "mob",
                    "villager",
                    "citizen"
                ]
            }
        },
        "description": {
            "identifier": "zszwx:player_resident",
            "is_experimental": false,
            "is_spawnable": true,
            "is_summonable": true
        },
        "events": {
            "defend_mode": {
                "add": {
                    "component_groups": [
                        "minecraft:defend_mode"
                    ]
                },
                "remove": {
                    "component_groups": [
                        "minecraft:hide_mode",
                        "minecraft:guard_mode",
                        "minecraft:follow_mode"
                    ]
                }
            },
            "follow_mode": {
                "add": {
                    "component_groups": [
                        "minecraft:follow_mode"
                    ]
                },
                "remove": {
                    "component_groups": [
                        "minecraft:hide_mode",
                        "minecraft:guard_mode",
                        "minecraft:defend_mode"
                    ]
                }
            },
            "hide_mode": {
                "add": {
                    "component_groups": [
                        "minecraft:hide_mode"
                    ]
                },
                "remove": {
                    "component_groups": [
                        "minecraft:follow_mode",
                        "minecraft:guard_mode",
                        "minecraft:defend_mode"
                    ]
                }
            },
            "minecraft:arrive_at": {
                "remove": {
                    "component_groups": [
                        "minecraft:hide_mode"
                    ]
                }
            },
            "minecraft:entity_spawned": {
                "add": {
                    "component_groups": [
                        ""
                    ]
                },
                "remove": {
                    "component_groups": [
                        ""
                    ]
                }
            },
            "minecraft:on_rent": {
                "add": {
                    "component_groups": [
                        "minecraft:has_owner"
                    ]
                },
                "remove": {
                    "component_groups": [
                        "minecraft:untamed"
                    ]
                }
            },
            "minecraft:spawn": {
                "add": {
                    "component_groups": [
                        "minecraft:untamed"
                    ]
                }
            },
            "search_mode": {
                "add": {
                    "component_groups": [
                        "minecraft:guard_mode"
                    ]
                },
                "remove": {
                    "component_groups": [
                        "minecraft:hide_mode",
                        "minecraft:follow_mode",
                        "minecraft:defend_mode"
                    ]
                }
            }
        }
    }
}