{
    "format_version": "1.14.0", 
    "minecraft:biome": {
        "description": {
            "identifier": "dm3_plains", 
            "inherits": "plains"
        }, 
        "components": {
            "minecraft:overworld_generation_rules": {
                "hills_transformation": [
                    ["dm3_forest_hills", 1], 
                    ["dm3_forest", 2]
                ], 
                "mutate_transformation": "dm3_sunflower_plains", 
                "generate_for_climates": [
                    ["medium", 3], 
                    ["warm", 1], 
                    ["cold", 1]
                ]
            },
            "dm3": {}
        }
    }
}