{
    "format_version": "1.14.0", 
    "minecraft:biome": {
        "description": {
            "identifier": "dm3_desert", 
            "inherits": "desert"
        }, 
        "components": {
            "minecraft:overworld_generation_rules": {
                "hills_transformation": "dm3_desert_hills", 
                "mutate_transformation": "dm3_desert_mutated", 
                "generate_for_climates": [
                    ["warm", 3]
                ]
            },
            "dm3": {}
        }
    }
}