{
    "format_version": "1.14.0", 
    "minecraft:biome": {
        "description": {
            "identifier": "dm3_roofed_forest", 
            "inherits": "roofed_forest"
        }, 
        "components": {
            "minecraft:overworld_generation_rules": {
                "hills_transformation": "dm3_plains", 
                "mutate_transformation": "dm3_roofed_forest_mutated", 
                "generate_for_climates": [
                    ["medium", 1]
                ]
            },
            "dm3": {}
        }
    }
}