{
    "format_version": "1.14.0", 
    "minecraft:biome": {
        "description": {
            "identifier": "dm770_extreme_hills", 
            "inherits": "extreme_hills"
        }, 
        "components": {
            "minecraft:overworld_generation_rules": {
                "hills_transformation": "dm770_extreme_hills_plus_trees", 
                "mutate_transformation": "dm770_extreme_hills_mutated", 
                "generate_for_climates": [
                    ["medium", 1], 
                    ["cold", 1]
                ]
            },
            "dm770": {}
        }
    }
}