{
    "format_version": "1.14.0", 
    "minecraft:biome": {
        "description": {
            "identifier": "dm770_ice_plains", 
            "inherits": "ice_plains"
        }, 
        "components": {
            "minecraft:overworld_generation_rules": {
                "hills_transformation": "dm770_ice_mountains", 
                "mutate_transformation": "dm770_ice_plains_spikes", 
                "generate_for_climates": [
                    ["frozen", 3]
                ]
            },
            "dm770": {}
        }
    }
}