{
    "format_version": "1.14.0", 
    "minecraft:biome": {
        "description": {
            "identifier": "dm770_birch_forest", 
            "inherits": "birch_forest"
        }, 
        "components": {
            "minecraft:overworld_generation_rules": {
                "hills_transformation": "dm770_birch_forest_hills", 
                "mutate_transformation": "dm770_birch_forest_mutated", 
                "generate_for_climates": [
                    ["medium", 1]
                ]
            },
            "dm770": {}
        }
    }
}