{
    "format_version": "1.14.0", 
    "minecraft:biome": {
        "description": {
            "identifier": "dm770_forest", 
            "inherits": "forest"
        }, 
        "components": {
            "minecraft:overworld_generation_rules": {
                "hills_transformation": "dm770_forest_hills", 
                "mutate_transformation": "dm770_flower_forest", 
                "generate_for_climates": [
                    ["medium", 1], 
                    ["cold", 1]
                ]
            },
            "dm770": {}
        }
    }
}