{
    "format_version": "1.14.0", 
    "minecraft:biome": {
        "description": {
            "identifier": "dm5_ocean", 
            "inherits": "ocean"
        }, 
        "components": {
            "minecraft:overworld_generation_rules": {
                "hills_transformation": "dm5_ocean", 
                "generate_for_climates": [
                    [
                        "medium", 
                        0
                    ]
                ]
            },
            "dm5": {}
        }
    }
}