{
    "format_version": "1.14.0", 
    "minecraft:biome": {
        "description": {
            "identifier": "dm1010_plains", 
            "inherits": "plains"
        }, 
        "components": {
            "minecraft:overworld_generation_rules": {
                "hills_transformation": "dm1010_plains", 
                "mutate_transformation": "dm1010_plains", 
                "generate_for_climates": [
                    [
                        "medium", 
                        0
                    ]
                ]
            },
            "dm1010": {},
            "dm1010_plains":{} //这里添加了群系tag，使用地方为(../netease_large_feature_rules/test_large_feature.json中"allowed_biomes")
        }
    }
}