{
    "pools": [
        {
            "entries": [
                {
                    "functions": [
                        {
                            "count": {
                                "max": 3,
                                "min": 1
                            },
                            "function": "set_count"
                        },
                        {
                            "data": 0,
                            "function": "set_data"
                        }
                    ],
                    "name": "minecraft:apple",
                    "type": "item",
                    "weight": 1
                },
                {
                    "functions": [
                        {
                            "count": {
                                "max": 4,
                                "min": 2
                            },
                            "function": "set_count"
                        },
                        {
                            "data": 0,
                            "function": "set_data"
                        }
                    ],
                    "name": "minecraft:wheat",
                    "type": "item",
                    "weight": 1
                },
                {
                    "functions": [
                        {
                            "count": {
                                "max": 3,
                                "min": 1
                            },
                            "function": "set_count"
                        },
                        {
                            "data": 0,
                            "function": "set_data"
                        }
                    ],
                    "name": "minecraft:beetroot",
                    "type": "item",
                    "weight": 1
                },
                {
                    "functions": [
                        {
                            "count": {
                                "max": 3,
                                "min": 1
                            },
                            "function": "set_count"
                        },
                        {
                            "data": 0,
                            "function": "set_data"
                        }
                    ],
                    "name": "minecraft:carrot",
                    "type": "item",
                    "weight": 1
                },
                {
                    "functions": [
                        {
                            "count": {
                                "max": 3,
                                "min": 1
                            },
                            "function": "set_count"
                        },
                        {
                            "data": 0,
                            "function": "set_data"
                        }
                    ],
                    "name": "minecraft:potato",
                    "type": "item",
                    "weight": 1
                }
            ],
            "rolls": 4
        }
    ]
}