{
    "pools": [
        {
            "entries": [
                {
                    "functions": [
                        {
                            "count": {
                                "max": 4,
                                "min": 1
                            },
                            "function": "set_count"
                        },
                        {
                            "data": 0,
                            "function": "set_data"
                        }
                    ],
                    "name": "crwei:coin",
                    "type": "item",
                    "weight": 8
                },
                {
                    "functions": [
                        {
                            "count": {
                                "max": 1,
                                "min": 0
                            },
                            "function": "set_count"
                        },
                        {
                            "data": 0,
                            "function": "set_data"
                        }
                    ],
                    "name": "crwei:coin_bag",
                    "type": "item",
                    "weight": 2
                }
            ],
            "rolls": 2
        }
    ]
}