{
    "pools": [
        {
            "entries": [
                {
                    "functions": [
                        {
                            "count": {
                                "max": 14,
                                "min": 2
                            },
                            "function": "set_count"
                        },
                        {
                            "data": 0,
                            "function": "set_data"
                        }
                    ],
                    "name": "minecraft:arrow",
                    "type": "item",
                    "weight": 1
                },
                {
                    "functions": [
                        {
                            "count": {
                                "max": 10,
                                "min": 2
                            },
                            "function": "set_count"
                        },
                        {
                            "data": 0,
                            "function": "set_data"
                        }
                    ],
                    "name": "minecraft:melon_slice",
                    "type": "item",
                    "weight": 2
                },
                {
                    "functions": [
                        {
                            "count": {
                                "max": 1,
                                "min": 1
                            },
                            "function": "set_count"
                        },
                        {
                            "data": 0,
                            "function": "set_data"
                        }
                    ],
                    "name": "minecraft:stone_hoe",
                    "type": "item",
                    "weight": 2
                },
                {
                    "functions": [
                        {
                            "count": {
                                "max": 4,
                                "min": 2
                            },
                            "function": "set_count"
                        },
                        {
                            "data": 0,
                            "function": "set_data"
                        }
                    ],
                    "name": "minecraft:baked_potato",
                    "type": "item",
                    "weight": 2
                },
                {
                    "functions": [
                        {
                            "count": {
                                "max": 1,
                                "min": 1
                            },
                            "function": "set_count"
                        },
                        {
                            "data": 0,
                            "function": "set_data"
                        }
                    ],
                    "name": "minecraft:potion",
                    "type": "item",
                    "weight": 1
                },
                {
                    "functions": [
                        {
                            "count": {
                                "max": 1,
                                "min": 1
                            },
                            "function": "set_count"
                        },
                        {
                            "data": 0,
                            "function": "set_data"
                        }
                    ],
                    "name": "minecraft:honey_bottle",
                    "type": "item",
                    "weight": 1
                },
                {
                    "functions": [
                        {
                            "count": {
                                "max": 6,
                                "min": 3
                            },
                            "function": "set_count"
                        },
                        {
                            "data": 0,
                            "function": "set_data"
                        }
                    ],
                    "name": "minecraft:torch",
                    "type": "item",
                    "weight": 1
                },
                {
                    "functions": [
                        {
                            "count": {
                                "max": 10,
                                "min": 5
                            },
                            "function": "set_count"
                        },
                        {
                            "data": 0,
                            "function": "set_data"
                        }
                    ],
                    "name": "minecraft:cobblestone",
                    "type": "item",
                    "weight": 1
                },
                {
                    "functions": [
                        {
                            "count": {
                                "max": 3,
                                "min": 1
                            },
                            "function": "set_count"
                        },
                        {
                            "data": 0,
                            "function": "set_data"
                        }
                    ],
                    "name": "minecraft:iron_ingot",
                    "type": "item",
                    "weight": 1
                },
                {
                    "functions": [
                        {
                            "count": {
                                "max": 6,
                                "min": 3
                            },
                            "function": "set_count"
                        },
                        {
                            "data": 0,
                            "function": "set_data"
                        }
                    ],
                    "name": "minecraft:planks",
                    "type": "item",
                    "weight": 1
                },
                {
                    "functions": [
                        {
                            "count": {
                                "max": 5,
                                "min": 2
                            },
                            "function": "set_count"
                        },
                        {
                            "data": 0,
                            "function": "set_data"
                        }
                    ],
                    "name": "minecraft:bone_meal",
                    "type": "item",
                    "weight": 1
                },
                {
                    "functions": [
                        {
                            "count": {
                                "max": 8,
                                "min": 4
                            },
                            "function": "set_count"
                        },
                        {
                            "data": 0,
                            "function": "set_data"
                        }
                    ],
                    "name": "minecraft:arrow",
                    "type": "item",
                    "weight": 1
                },
                {
                    "functions": [
                        {
                            "count": {
                                "max": 8,
                                "min": 4
                            },
                            "function": "set_count"
                        },
                        {
                            "data": 0,
                            "function": "set_data"
                        }
                    ],
                    "name": "minecraft:arrow",
                    "type": "item",
                    "weight": 1
                },
                {
                    "functions": [
                        {
                            "count": {
                                "max": 1,
                                "min": 1
                            },
                            "function": "set_count"
                        },
                        {
                            "data": 0,
                            "function": "set_data"
                        }
                    ],
                    "name": "minecraft:milk_bucket",
                    "type": "item",
                    "weight": 1
                },
                {
                    "functions": [
                        {
                            "count": {
                                "max": 1,
                                "min": 0
                            },
                            "function": "set_count"
                        },
                        {
                            "data": 0,
                            "function": "set_data"
                        }
                    ],
                    "name": "crwei:scroll_info_1",
                    "type": "item",
                    "weight": 1
                }
            ],
            "rolls": 3
        }
    ]
}