{
    "pools": [
        {
            "entries": [
                {
                    "functions": [
                        {
                            "count": {
                                "max": 7,
                                "min": 2
                            },
                            "function": "set_count"
                        },
                        {
                            "data": 0,
                            "function": "set_data"
                        }
                    ],
                    "name": "minecraft:arrow",
                    "type": "item",
                    "weight": 4
                },
                {
                    "functions": [
                        {
                            "count": {
                                "max": 5,
                                "min": 3
                            },
                            "function": "set_count"
                        },
                        {
                            "data": 0,
                            "function": "set_data"
                        }
                    ],
                    "name": "minecraft:carrot",
                    "type": "item",
                    "weight": 5
                },
                {
                    "functions": [
                        {
                            "count": {
                                "max": 5,
                                "min": 2
                            },
                            "function": "set_count"
                        },
                        {
                            "data": 0,
                            "function": "set_data"
                        }
                    ],
                    "name": "minecraft:potato",
                    "type": "item",
                    "weight": 5
                },
                {
                    "functions": [
                        {
                            "count": {
                                "max": 5,
                                "min": 3
                            },
                            "function": "set_count"
                        },
                        {
                            "data": 0,
                            "function": "set_data"
                        }
                    ],
                    "name": "minecraft:wheat",
                    "type": "item",
                    "weight": 7
                },
                {
                    "functions": [
                        {
                            "count": {
                                "max": 6,
                                "min": 1
                            },
                            "function": "set_count"
                        },
                        {
                            "data": 0,
                            "function": "set_data"
                        }
                    ],
                    "name": "minecraft:string",
                    "type": "item",
                    "weight": 4
                }
            ],
            "rolls": 1
        },
        {
            "entries": [
                {
                    "functions": [
                        {
                            "count": {
                                "max": 3,
                                "min": 2
                            },
                            "function": "set_count"
                        },
                        {
                            "data": 0,
                            "function": "set_data"
                        }
                    ],
                    "name": "minecraft:log2",
                    "type": "item",
                    "weight": 1
                },
                {
                    "functions": [
                        {
                            "count": {
                                "max": 3,
                                "min": 1
                            },
                            "function": "set_count"
                        },
                        {
                            "data": 0,
                            "function": "set_data"
                        }
                    ],
                    "name": "minecraft:iron_ingot",
                    "type": "item",
                    "weight": 1
                }
            ],
            "rolls": 1
        },
        {
            "entries": [
                {
                    "functions": [
                        {
                            "count": {
                                "max": 1,
                                "min": 1
                            },
                            "function": "set_count"
                        },
                        {
                            "data": 0,
                            "function": "set_data"
                        }
                    ],
                    "name": "minecraft:bow",
                    "type": "item",
                    "weight": 1
                }
            ],
            "rolls": 1
        },
        {
            "entries": [
                {
                    "functions": [
                        {
                            "count": {
                                "max": 3,
                                "min": 1
                            },
                            "function": "set_count"
                        },
                        {
                            "data": 0,
                            "function": "set_data"
                        }
                    ],
                    "name": "minecraft:redstone",
                    "type": "item",
                    "weight": 4
                },
                {
                    "functions": [
                        {
                            "count": {
                                "max": 10,
                                "min": 3
                            },
                            "function": "set_count"
                        },
                        {
                            "data": 0,
                            "function": "set_data"
                        }
                    ],
                    "name": "crwei:coin",
                    "type": "item",
                    "weight": 6
                },
                {
                    "functions": [
                        {
                            "count": {
                                "max": 2,
                                "min": 1
                            },
                            "function": "set_count"
                        },
                        {
                            "data": 0,
                            "function": "set_data"
                        }
                    ],
                    "name": "crwei:coin_bag",
                    "type": "item",
                    "weight": 1
                },
                {
                    "functions": [
                        {
                            "count": {
                                "max": 2,
                                "min": 1
                            },
                            "function": "set_count"
                        },
                        {
                            "data": 0,
                            "function": "set_data"
                        }
                    ],
                    "name": "crwei:scroll_info_broken",
                    "type": "item",
                    "weight": 1
                }
            ],
            "rolls": 4
        }
    ]
}