{
    "pools": [
        {
            "entries": [
                {
                    "functions": [
                        {
                            "count": {
                                "max": 2,
                                "min": 1
                            },
                            "function": "set_count"
                        },
                        {
                            "data": 0,
                            "function": "set_data"
                        }
                    ],
                    "name": "minecraft:apple",
                    "type": "item",
                    "weight": 1
                },
                {
                    "functions": [
                        {
                            "count": {
                                "max": 3,
                                "min": 1
                            },
                            "function": "set_count"
                        },
                        {
                            "data": 0,
                            "function": "set_data"
                        }
                    ],
                    "name": "minecraft:iron_nugget",
                    "type": "item",
                    "weight": 1
                }
            ],
            "rolls": 1
        },
        {
            "entries": [
                {
                    "functions": [
                        {
                            "count": {
                                "max": 3,
                                "min": 1
                            },
                            "function": "set_count"
                        },
                        {
                            "data": 0,
                            "function": "set_data"
                        }
                    ],
                    "name": "crwei:scroll_info_broken",
                    "type": "item",
                    "weight": 2
                },
                {
                    "functions": [
                        {
                            "count": {
                                "max": 3,
                                "min": 1
                            },
                            "function": "set_count"
                        },
                        {
                            "data": 0,
                            "function": "set_data"
                        }
                    ],
                    "name": "crwei:coin",
                    "type": "item",
                    "weight": 4
                },
                {
                    "functions": [
                        {
                            "count": {
                                "max": 2,
                                "min": 1
                            },
                            "function": "set_count"
                        },
                        {
                            "data": 0,
                            "function": "set_data"
                        }
                    ],
                    "name": "minecraft:redstone",
                    "type": "item",
                    "weight": 1
                }
            ],
            "rolls": 1
        }
    ]
}