{
    "pools": [
        {
            "entries": [
                {
                    "functions": [
                        {
                            "count": {
                                "max": 5,
                                "min": 1
                            },
                            "function": "set_count"
                        },
                        {
                            "data": 0,
                            "function": "set_data"
                        }
                    ],
                    "name": "minecraft:wheat_seeds",
                    "type": "item",
                    "weight": 10
                },
                {
                    "functions": [
                        {
                            "count": {
                                "max": 4,
                                "min": 1
                            },
                            "function": "set_count"
                        },
                        {
                            "data": 0,
                            "function": "set_data"
                        }
                    ],
                    "name": "minecraft:bread",
                    "type": "item",
                    "weight": 10
                },
                {
                    "functions": [
                        {
                            "count": {
                                "max": 2,
                                "min": 1
                            },
                            "function": "set_count"
                        },
                        {
                            "data": 4,
                            "function": "set_data"
                        }
                    ],
                    "name": "minecraft:sapling",
                    "type": "item",
                    "weight": 10
                },
                {
                    "functions": [
                        {
                            "count": {
                                "max": 1,
                                "min": 1
                            },
                            "function": "set_count"
                        },
                        {
                            "data": 1,
                            "function": "set_data"
                        }
                    ],
                    "name": "minecraft:tallgrass",
                    "type": "item",
                    "weight": 5
                },
                {
                    "functions": [
                        {
                            "count": {
                                "max": 1,
                                "min": 1
                            },
                            "function": "set_count"
                        },
                        {
                            "data": 2,
                            "function": "set_data"
                        }
                    ],
                    "name": "minecraft:double_plant",
                    "type": "item",
                    "weight": 5
                },
                {
                    "functions": [
                        {
                            "count": {
                                "max": 4,
                                "min": 1
                            },
                            "function": "set_count"
                        },
                        {
                            "data": 0,
                            "function": "set_data"
                        }
                    ],
                    "name": "minecraft:emerald",
                    "type": "item",
                    "weight": 2
                },
                {
                    "functions": [
                        {
                            "count": {
                                "max": 1,
                                "min": 1
                            },
                            "function": "set_count"
                        },
                        {
                            "data": 0,
                            "function": "set_data"
                        }
                    ],
                    "name": "minecraft:saddle",
                    "type": "item",
                    "weight": 1
                },
                {
                    "functions": [
                        {
                            "count": {
                                "max": 3,
                                "min": 1
                            },
                            "function": "set_count"
                        },
                        {
                            "data": 0,
                            "function": "set_data"
                        }
                    ],
                    "name": "minecraft:gold_nugget",
                    "type": "item",
                    "weight": 1
                },
                {
                    "functions": [
                        {
                            "count": {
                                "max": 2,
                                "min": 1
                            },
                            "function": "set_count"
                        },
                        {
                            "data": 0,
                            "function": "set_data"
                        }
                    ],
                    "name": "minecraft:torch",
                    "type": "item",
                    "weight": 1
                },
                {
                    "functions": [
                        {
                            "count": {
                                "max": 1,
                                "min": 1
                            },
                            "function": "set_count"
                        },
                        {
                            "data": 0,
                            "function": "set_data"
                        }
                    ],
                    "name": "minecraft:bucket",
                    "type": "item",
                    "weight": 1
                },
                {
                    "functions": [
                        {
                            "count": {
                                "max": 3,
                                "min": 0
                            },
                            "function": "set_count"
                        },
                        {
                            "data": 0,
                            "function": "set_data"
                        }
                    ],
                    "name": "crwei:scroll_info_broken",
                    "type": "item",
                    "weight": 1
                }
            ],
            "rolls": 4
        },
        {
            "entries": [
                {
                    "functions": [
                        {
                            "count": {
                                "max": 10,
                                "min": 3
                            },
                            "function": "set_count"
                        },
                        {
                            "data": 0,
                            "function": "set_data"
                        }
                    ],
                    "name": "crwei:coin",
                    "type": "item",
                    "weight": 6
                },
                {
                    "functions": [
                        {
                            "count": {
                                "max": 3,
                                "min": 1
                            },
                            "function": "set_count"
                        },
                        {
                            "data": 0,
                            "function": "set_data"
                        }
                    ],
                    "name": "crwei:coin_bag",
                    "type": "item",
                    "weight": 4
                }
            ],
            "rolls": 1
        }
    ]
}