{
    "pools": [
        {
            "entries": [
                {
                    "functions": [
                        {
                            "count": {
                                "max": 3,
                                "min": 1
                            },
                            "function": "set_count"
                        },
                        {
                            "data": 0,
                            "function": "set_data"
                        }
                    ],
                    "name": "minecraft:iron_ingot",
                    "type": "item",
                    "weight": 3
                },
                {
                    "functions": [
                        {
                            "count": {
                                "max": 5,
                                "min": 3
                            },
                            "function": "set_count"
                        },
                        {
                            "data": 0,
                            "function": "set_data"
                        }
                    ],
                    "name": "minecraft:coal",
                    "type": "item",
                    "weight": 6
                },
                {
                    "functions": [
                        {
                            "count": {
                                "max": 1,
                                "min": 1
                            },
                            "function": "set_count"
                        },
                        {
                            "data": 0,
                            "function": "set_data"
                        }
                    ],
                    "name": "minecraft:emerald",
                    "type": "item",
                    "weight": 2
                },
                {
                    "functions": [
                        {
                            "count": {
                                "max": 4,
                                "min": 2
                            },
                            "function": "set_count"
                        },
                        {
                            "data": 0,
                            "function": "set_data"
                        }
                    ],
                    "name": "minecraft:copper_ingot",
                    "type": "item",
                    "weight": 4
                },
                {
                    "functions": [
                        {
                            "count": {
                                "max": 7,
                                "min": 2
                            },
                            "function": "set_count"
                        },
                        {
                            "data": 0,
                            "function": "set_data"
                        }
                    ],
                    "name": "minecraft:redstone",
                    "type": "item",
                    "weight": 2
                },
                {
                    "functions": [
                        {
                            "count": {
                                "max": 1,
                                "min": 1
                            },
                            "function": "set_count"
                        },
                        {
                            "data": 0,
                            "function": "set_data"
                        }
                    ],
                    "name": "minecraft:diamond",
                    "type": "item",
                    "weight": 1
                }
            ],
            "rolls": 1
        }
    ]
}